,Parameters,HO Group 1 Score,HO Group 2 Score,HO Group 3 Score,Mean CV Score,RankScore
0,"{'C': 1e-08, 'kernel': 'linear'}",0.14567708645827082,0.11579768404631907,0.14802592103684148,0.13650023051381047,442
1,"{'C': 1e-07, 'kernel': 'linear'}",0.13385732285354293,0.14297714045719084,0.13152526101044043,0.13611990810705807,445
2,"{'C': 1e-06, 'kernel': 'linear'}",0.11993760124797503,0.15233695326093477,0.1186247449897996,0.13029976649956979,453
3,"{'C': 1e-05, 'kernel': 'linear'}",0.14531709365812684,0.16733665326693467,0.17292691707668306,0.16186022133391487,403
4,"{'C': 0.0001, 'kernel': 'linear'}",0.1987760244795104,0.19577608447831044,0.17850714028561143,0.19101974974781077,313
5,"{'C': 0.001, 'kernel': 'linear'}",0.2249955000899982,0.2255354892902142,0.22848913956558262,0.22634004298193167,165
6,"{'C': 0.01, 'kernel': 'linear'}",0.2374752504949901,0.2399952000959981,0.23940957638305532,0.23896000899134784,120
7,"{'C': 1e-08, 'kernel': 'rbf', 'gamma': 1e-08}",0.15371692566148676,0.16667666646667068,0.16488659546381856,0.16176006253065867,404
8,"{'C': 1e-08, 'kernel': 'rbf', 'gamma': 1e-07}",0.17873642527149458,0.10733785324293514,0.13170526821072842,0.13925984890838605,439
9,"{'C': 1e-08, 'kernel': 'rbf', 'gamma': 1e-06}",0.1753164936701266,0.1874362512749745,0.20454818192727708,0.1891003089574594,320
10,"{'C': 1e-08, 'kernel': 'rbf', 'gamma': 1e-05}",0.21587568248635028,0.13241735165296695,0.16326653066122646,0.17051985493351454,382
11,"{'C': 1e-08, 'kernel': 'rbf', 'gamma': 0.0001}",0.24227515449691006,0.22703545929081417,0.23838953558142326,0.23590004978971582,134
12,"{'C': 1e-08, 'kernel': 'rbf', 'gamma': 0.001}",0.19379612407751845,0.24671506569868604,0.1669266770670827,0.20247928894776238,279
13,"{'C': 1e-08, 'kernel': 'rbf', 'gamma': 0.01}",0.2272154556908862,0.23093538129237415,0.21168846753870155,0.2232797681739873,185
14,"{'C': 1e-07, 'kernel': 'rbf', 'gamma': 1e-08}",0.18971620567588648,0.16535669286614268,0.1362054482179287,0.16375944891998595,400
15,"{'C': 1e-07, 'kernel': 'rbf', 'gamma': 1e-07}",0.1883362332753345,0.1864762704745905,0.13956558262330493,0.17145936212440996,374
16,"{'C': 1e-07, 'kernel': 'rbf', 'gamma': 1e-06}",0.20321593568128637,0.21881562368752625,0.1781471258850354,0.20005956175128267,289
17,"{'C': 1e-07, 'kernel': 'rbf', 'gamma': 1e-05}",0.24659506809863802,0.2260154796904062,0.24732989319572782,0.239980146994924,118
18,"{'C': 1e-07, 'kernel': 'rbf', 'gamma': 0.0001}",0.2230155396892062,0.20309593808123838,0.20358814352574103,0.2098998737653952,253
19,"{'C': 1e-07, 'kernel': 'rbf', 'gamma': 0.001}",0.24437511249775004,0.2258354832903342,0.16680667226689067,0.21233908935165827,242
20,"{'C': 1e-07, 'kernel': 'rbf', 'gamma': 0.01}",0.23219535609287814,0.22961540769184616,0.22602904116164646,0.2292799349821236,153
21,"{'C': 1e-06, 'kernel': 'rbf', 'gamma': 1e-08}",0.20393592128157437,0.1641567168656627,0.13368534741389657,0.16725932852037786,390
22,"{'C': 1e-06, 'kernel': 'rbf', 'gamma': 1e-07}",0.20765584688306235,0.2137157256854863,0.16320652826113044,0.19485936694322636,304
23,"{'C': 1e-06, 'kernel': 'rbf', 'gamma': 1e-06}",0.20999580008399832,0.16703665926681466,0.22536901476059043,0.20080049137046782,285
24,"{'C': 1e-06, 'kernel': 'rbf', 'gamma': 1e-05}",0.13823723525529488,0.18335633287334252,0.17556702268090724,0.16572019693651488,396
25,"{'C': 1e-06, 'kernel': 'rbf', 'gamma': 0.0001}",0.2891942161156777,0.2732945341093178,0.24000960038401536,0.26749945020300364,36
26,"{'C': 1e-06, 'kernel': 'rbf', 'gamma': 0.001}",0.2622547549049019,0.2617747645047099,0.23718948757950317,0.2537396689963717,61
27,"{'C': 1e-06, 'kernel': 'rbf', 'gamma': 0.01}",0.25361492770144595,0.2575748485030299,0.24966998679947197,0.253619921001316,63
28,"{'C': 1e-05, 'kernel': 'rbf', 'gamma': 1e-08}",0.10271794564108717,0.1006179876402472,0.11148445937837513,0.10494013088656984,483
29,"{'C': 1e-05, 'kernel': 'rbf', 'gamma': 1e-07}",0.19697606047879043,0.1858762824743505,0.21282851314052562,0.19856028536455553,293
30,"{'C': 1e-05, 'kernel': 'rbf', 'gamma': 1e-06}",0.16421671566568669,0.24521509569808603,0.21114844593783752,0.2068600857672034,264
31,"{'C': 1e-05, 'kernel': 'rbf', 'gamma': 1e-05}",0.10199796004079918,0.1627767444651107,0.2061082443297732,0.1569609829452277,414
32,"{'C': 1e-05, 'kernel': 'rbf', 'gamma': 0.0001}",0.2780344393112138,0.24113517729645406,0.24210968438737548,0.25375976699834774,60
33,"{'C': 1e-05, 'kernel': 'rbf', 'gamma': 0.001}",0.26795464090718185,0.24143517129657407,0.26101044041761673,0.25680008420712425,53
34,"{'C': 1e-05, 'kernel': 'rbf', 'gamma': 0.01}",0.26549469010619786,0.2684946301073978,0.2577103084123365,0.263899876208644,45
35,"{'C': 0.0001, 'kernel': 'rbf', 'gamma': 1e-08}",0.10727785444291114,0.10361792764144717,0.10140405616224649,0.10409994608220159,487
36,"{'C': 0.0001, 'kernel': 'rbf', 'gamma': 1e-07}",0.11051778964420711,0.09797804043919121,0.1672866914676587,0.12526084051701902,461
37,"{'C': 0.0001, 'kernel': 'rbf', 'gamma': 1e-06}",0.22793544129117418,0.15467690646187077,0.2076683067322693,0.19676021816177144,297
38,"{'C': 0.0001, 'kernel': 'rbf', 'gamma': 1e-05}",0.2108357832843343,0.20351592968140636,0.1969278771150846,0.2037598633602751,275
39,"{'C': 0.0001, 'kernel': 'rbf', 'gamma': 0.0001}",0.2363952720945581,0.21035579288414233,0.2248889955598224,0.22388002017950762,182
40,"{'C': 0.0001, 'kernel': 'rbf', 'gamma': 0.001}",0.2818143637127257,0.28025439491210175,0.27295091803672145,0.2783398922205163,6
41,"{'C': 0.0001, 'kernel': 'rbf', 'gamma': 0.01}",0.27149457010859784,0.2759344813103738,0.2641305652226089,0.2705198722138602,26
42,"{'C': 0.001, 'kernel': 'rbf', 'gamma': 1e-08}",0.14447711045779085,0.0998980020399592,0.140765630625225,0.12838024770765835,455
43,"{'C': 0.001, 'kernel': 'rbf', 'gamma': 1e-07}",0.20543589128217435,0.13463730725385492,0.17292691707668306,0.17100003853757076,378
44,"{'C': 0.001, 'kernel': 'rbf', 'gamma': 1e-06}",0.24515509689806203,0.21845563088738226,0.23058922356894276,0.23139998378479568,145
45,"{'C': 0.001, 'kernel': 'rbf', 'gamma': 1e-05}",0.22631547369052618,0.19829603407931842,0.2520700828033121,0.22556053019105224,172
46,"{'C': 0.001, 'kernel': 'rbf', 'gamma': 0.0001}",0.23183536329273416,0.252534949301014,0.2702508100324013,0.2515403742087165,69
47,"{'C': 0.001, 'kernel': 'rbf', 'gamma': 0.001}",0.2707745845083098,0.28139437211255774,0.2703708148325933,0.2741799238178203,12
48,"{'C': 0.001, 'kernel': 'rbf', 'gamma': 0.01}",0.2369352612947741,0.2394552108957821,0.24300972038881555,0.2398000641931239,119
49,"{'C': 0.01, 'kernel': 'rbf', 'gamma': 1e-08}",0.14423711525769484,0.10481790364192717,0.1595463818552742,0.13620046691829873,444
50,"{'C': 0.01, 'kernel': 'rbf', 'gamma': 1e-07}",0.21701565968680625,0.19673606527869442,0.1765870634825393,0.19677959614934667,296
51,"{'C': 0.01, 'kernel': 'rbf', 'gamma': 1e-06}",0.21587568248635028,0.23039539209215815,0.2077883115324613,0.21801979537032326,208
52,"{'C': 0.01, 'kernel': 'rbf', 'gamma': 1e-05}",0.20327593448131037,0.21809563808723825,0.23172926917076683,0.21770028057977184,210
53,"{'C': 0.01, 'kernel': 'rbf', 'gamma': 0.0001}",0.24299514009719805,0.23663526729465412,0.23610944437777512,0.23857995058987577,123
54,"{'C': 0.01, 'kernel': 'rbf', 'gamma': 0.001}",0.251034979300414,0.24599508009839804,0.2514100564022561,0.24948003860035606,79
55,"{'C': 0.01, 'kernel': 'rbf', 'gamma': 0.01}",0.16913661726765464,0.17225655486890262,0.16284651386055443,0.16807989533237055,388
56,"{'C': 1e-08, 'kernel': 'poly', 'gamma': 1e-08, 'degree': 2}",0.1481970360592788,0.12017759644807104,0.20088803552142084,0.15642088934292356,416
57,"{'C': 1e-08, 'kernel': 'poly', 'gamma': 1e-08, 'degree': 3}",0.16805663886722266,0.14519709605807885,0.12726509060362415,0.14683960850964187,431
58,"{'C': 1e-08, 'kernel': 'poly', 'gamma': 1e-08, 'degree': 4}",0.16871662566748666,0.18317633647327053,0.14970598823952957,0.16719965012676222,391
59,"{'C': 1e-08, 'kernel': 'poly', 'gamma': 1e-08, 'degree': 5}",0.17177656446871062,0.1009179816403672,0.16956678267130684,0.1474204429267949,430
60,"{'C': 1e-08, 'kernel': 'poly', 'gamma': 1e-08, 'degree': 6}",0.21521569568608628,0.18329633407331852,0.140645625825033,0.17971921852814596,346
61,"{'C': 1e-08, 'kernel': 'poly', 'gamma': 1e-08, 'degree': 7}",0.1880962380752385,0.12137757244855103,0.15240609624384976,0.15395996892254643,420
62,"{'C': 1e-08, 'kernel': 'poly', 'gamma': 1e-08, 'degree': 20}",0.16001679966400673,0.17117657646847062,0.11394455778231129,0.14837931130492954,427
63,"{'C': 1e-08, 'kernel': 'poly', 'gamma': 1e-07, 'degree': 2}",0.13187736245275095,0.17231655366892662,0.16812672506900275,0.15744021373022676,412
64,"{'C': 1e-08, 'kernel': 'poly', 'gamma': 1e-07, 'degree': 3}",0.18257634847303053,0.14303713925721487,0.14280571222848915,0.15613973331957817,417
65,"{'C': 1e-08, 'kernel': 'poly', 'gamma': 1e-07, 'degree': 4}",0.17963640727185456,0.10547789044219115,0.16512660506420257,0.15008030092608277,424
66,"{'C': 1e-08, 'kernel': 'poly', 'gamma': 1e-07, 'degree': 5}",0.18503629927401452,0.1867162656746865,0.16674666986679468,0.17949974493849855,348
67,"{'C': 1e-08, 'kernel': 'poly', 'gamma': 1e-07, 'degree': 6}",0.09863802723945521,0.1489170216595668,0.10326413056522261,0.11693972648808154,468
68,"{'C': 1e-08, 'kernel': 'poly', 'gamma': 1e-07, 'degree': 7}",0.12269754604907902,0.2001559968800624,0.17868714748589942,0.16718023013834693,392
69,"{'C': 1e-08, 'kernel': 'poly', 'gamma': 1e-07, 'degree': 20}",0.13301733965320695,0.1366772664546709,0.12528501140045603,0.13165987250277797,450
70,"{'C': 1e-08, 'kernel': 'poly', 'gamma': 1e-06, 'degree': 2}",0.15983680326393473,0.20213595728085437,0.16644665786631466,0.1761398061370346,360
71,"{'C': 1e-08, 'kernel': 'poly', 'gamma': 1e-06, 'degree': 3}",0.19757604847903043,0.18803623927521448,0.20052802112084483,0.19538010295836328,302
72,"{'C': 1e-08, 'kernel': 'poly', 'gamma': 1e-06, 'degree': 4}",0.13877722445551088,0.1757964840703186,0.18726749069962798,0.16728039974181916,389
73,"{'C': 1e-08, 'kernel': 'poly', 'gamma': 1e-06, 'degree': 5}",0.19223615527689447,0.14363712725745484,0.15096603864154567,0.16227977372529834,402
74,"{'C': 1e-08, 'kernel': 'poly', 'gamma': 1e-06, 'degree': 6}",0.15605687886242275,0.19181616367672646,0.18726749069962798,0.17838017774625906,353
75,"{'C': 1e-08, 'kernel': 'poly', 'gamma': 1e-06, 'degree': 7}",0.1774764504709906,0.15683686326273474,0.13548541941677666,0.156599577716834,415
76,"{'C': 1e-08, 'kernel': 'poly', 'gamma': 1e-06, 'degree': 20}",0.20489590208195835,0.15215695686086278,0.14130565222608904,0.16611950372297005,395
77,"{'C': 1e-08, 'kernel': 'poly', 'gamma': 1e-05, 'degree': 2}",0.1629567408651827,0.15575688486230274,0.11994479779191168,0.1462194745064657,433
78,"{'C': 1e-08, 'kernel': 'poly', 'gamma': 1e-05, 'degree': 3}",0.14351712965740684,0.22241555168896623,0.13350534021360855,0.16647934051999388,393
79,"{'C': 1e-08, 'kernel': 'poly', 'gamma': 1e-05, 'degree': 4}",0.23495530089398212,0.12203755924881503,0.17706708268330734,0.17801998094203483,356
80,"{'C': 1e-08, 'kernel': 'poly', 'gamma': 1e-05, 'degree': 5}",0.1618167636647267,0.12605747885042298,0.19086763470538823,0.1595806257401793,410
81,"{'C': 1e-08, 'kernel': 'poly', 'gamma': 1e-05, 'degree': 6}",0.16193676126477471,0.1635567288654227,0.20202808112324494,0.17584052375114745,362
82,"{'C': 1e-08, 'kernel': 'poly', 'gamma': 1e-05, 'degree': 7}",0.1858762824743505,0.1742365152696946,0.1794071762870515,0.17983999134369888,345
83,"{'C': 1e-08, 'kernel': 'poly', 'gamma': 1e-05, 'degree': 20}",0.10271794564108717,0.12437751244975101,0.15732629305172208,0.12814058371418677,456
84,"{'C': 1e-08, 'kernel': 'poly', 'gamma': 0.0001, 'degree': 2}",0.2005759884802304,0.18623627527449452,0.2325093003720149,0.20644052137557992,267
85,"{'C': 1e-08, 'kernel': 'poly', 'gamma': 0.0001, 'degree': 3}",0.20261594768104638,0.16955660886782264,0.2701908076323053,0.21412112139372477,234
86,"{'C': 1e-08, 'kernel': 'poly', 'gamma': 0.0001, 'degree': 4}",0.20603587928241435,0.2380152396952061,0.21144845793831754,0.21849985897197932,204
87,"{'C': 1e-08, 'kernel': 'poly', 'gamma': 0.0001, 'degree': 5}",0.17813643727125458,0.19319613607727845,0.17040681627265092,0.18057979654039466,344
88,"{'C': 1e-08, 'kernel': 'poly', 'gamma': 0.0001, 'degree': 6}",0.24131517369652608,0.21767564648707025,0.22362894515780632,0.22753992178046756,158
89,"{'C': 1e-08, 'kernel': 'poly', 'gamma': 0.0001, 'degree': 7}",0.14519709605807885,0.25475490490190195,0.24144965798631945,0.2138005529821001,235
90,"{'C': 1e-08, 'kernel': 'poly', 'gamma': 0.0001, 'degree': 20}",0.23987520249595007,0.2115557688846223,0.2125285011400456,0.22131982417353932,194
91,"{'C': 1e-08, 'kernel': 'poly', 'gamma': 0.001, 'degree': 2}",0.2249355012899742,0.21485570288594227,0.19452778111124444,0.21143966176238696,246
92,"{'C': 1e-08, 'kernel': 'poly', 'gamma': 0.001, 'degree': 3}",0.2356152876942461,0.2010559788804224,0.202868114724589,0.21317979376641916,238
93,"{'C': 1e-08, 'kernel': 'poly', 'gamma': 0.001, 'degree': 4}",0.19169616607667847,0.21749565008699825,0.16986679467178686,0.19301953694515453,307
94,"{'C': 1e-08, 'kernel': 'poly', 'gamma': 0.001, 'degree': 5}",0.23225535489290214,0.2266154676906462,0.18738749549982,0.21541943936112276,225
95,"{'C': 1e-08, 'kernel': 'poly', 'gamma': 0.001, 'degree': 6}",0.17039659206815863,0.17891642167156657,0.23178927157086285,0.19370076177019602,305
96,"{'C': 1e-08, 'kernel': 'poly', 'gamma': 0.001, 'degree': 7}",0.1883362332753345,0.22637547249055018,0.18486739469578783,0.19985970015389085,290
97,"{'C': 1e-08, 'kernel': 'poly', 'gamma': 0.001, 'degree': 20}",0.22385552288954222,0.23153536929261415,0.21612864514580582,0.22383984577598737,183
98,"{'C': 1e-08, 'kernel': 'poly', 'gamma': 0.01, 'degree': 2}",0.22259554808903823,0.2140157196856063,0.20736829473178928,0.21465985416881128,228
99,"{'C': 1e-08, 'kernel': 'poly', 'gamma': 0.01, 'degree': 3}",0.20837583248335034,0.20639587208255836,0.2156486259450378,0.21014011017031553,252
100,"{'C': 1e-08, 'kernel': 'poly', 'gamma': 0.01, 'degree': 4}",0.21881562368752625,0.2368152636947261,0.21480859234369376,0.22347982657531537,184
101,"{'C': 1e-08, 'kernel': 'poly', 'gamma': 0.01, 'degree': 5}",0.22937541249175017,0.2121557568848623,0.2095283811352454,0.2170198501706193,214
102,"{'C': 1e-08, 'kernel': 'poly', 'gamma': 0.01, 'degree': 6}",0.2247555048899022,0.22061558768824624,0.21996879875195008,0.2217799637766995,192
103,"{'C': 1e-08, 'kernel': 'poly', 'gamma': 0.01, 'degree': 7}",0.20993580128397432,0.2239755204895902,0.19806792271690868,0.21065974816349106,250
104,"{'C': 1e-08, 'kernel': 'poly', 'gamma': 0.01, 'degree': 20}",0.2258954820903582,0.21683566328673426,0.2016680667226689,0.2147997373665871,227
105,"{'C': 1e-07, 'kernel': 'poly', 'gamma': 1e-08, 'degree': 2}",0.1525169496610068,0.14801703965920682,0.21306852274090965,0.17120083735370772,375
106,"{'C': 1e-07, 'kernel': 'poly', 'gamma': 1e-08, 'degree': 3}",0.2009359812803744,0.15437691246175075,0.16320652826113044,0.17283980733441853,369
107,"{'C': 1e-07, 'kernel': 'poly', 'gamma': 1e-08, 'degree': 4}",0.1614567708645827,0.18509629807403852,0.12468498739949598,0.15707935211270574,413
108,"{'C': 1e-07, 'kernel': 'poly', 'gamma': 1e-08, 'degree': 5}",0.12371752564948701,0.1870762584748305,0.156486259450378,0.15576001452489852,418
109,"{'C': 1e-07, 'kernel': 'poly', 'gamma': 1e-08, 'degree': 6}",0.09473810523789525,0.2012959740805184,0.21234849393975758,0.16946085775272376,386
110,"{'C': 1e-07, 'kernel': 'poly', 'gamma': 1e-08, 'degree': 7}",0.09755804883902322,0.12605747885042298,0.1701068042721709,0.13124077732053904,451
111,"{'C': 1e-07, 'kernel': 'poly', 'gamma': 1e-08, 'degree': 20}",0.12071758564828704,0.1872562548749025,0.20964838593543741,0.17254074215287565,370
112,"{'C': 1e-07, 'kernel': 'poly', 'gamma': 1e-07, 'degree': 2}",0.1980560388792224,0.2357352852942941,0.1357254290171607,0.18983891773022574,317
113,"{'C': 1e-07, 'kernel': 'poly', 'gamma': 1e-07, 'degree': 3}",0.17885642287154258,0.1762164756704866,0.22554902196087845,0.19354064016763586,306
114,"{'C': 1e-07, 'kernel': 'poly', 'gamma': 1e-07, 'degree': 4}",0.11753764924701506,0.09917801643967121,0.17310692427697108,0.12994086332121912,454
115,"{'C': 1e-07, 'kernel': 'poly', 'gamma': 1e-07, 'degree': 5}",0.20483590328193435,0.21725565488690227,0.16656666266650666,0.19621940694511442,298
116,"{'C': 1e-07, 'kernel': 'poly', 'gamma': 1e-07, 'degree': 6}",0.14117717645647088,0.1990760184796304,0.1515660626425057,0.16393975252620233,399
117,"{'C': 1e-07, 'kernel': 'poly', 'gamma': 1e-07, 'degree': 7}",0.2010559788804224,0.21677566448671026,0.19590783631345254,0.20457982656019505,271
118,"{'C': 1e-07, 'kernel': 'poly', 'gamma': 1e-07, 'degree': 20}",0.21047579048419032,0.21053578928421432,0.22008880355214208,0.21370012777351557,236
119,"{'C': 1e-07, 'kernel': 'poly', 'gamma': 1e-06, 'degree': 2}",0.2143757124857503,0.18485630287394253,0.21078843153726148,0.20334014896565145,276
120,"{'C': 1e-07, 'kernel': 'poly', 'gamma': 1e-06, 'degree': 3}",0.20375592488150238,0.14711705765884683,0.21450858034321374,0.18846052096118768,322
121,"{'C': 1e-07, 'kernel': 'poly', 'gamma': 1e-06, 'degree': 4}",0.19667606647867042,0.1985960280794384,0.17250690027601104,0.1892596649447066,319
122,"{'C': 1e-07, 'kernel': 'poly', 'gamma': 1e-06, 'degree': 5}",0.11771764564708706,0.16607667846643068,0.19710788431537263,0.16030073614296345,407
123,"{'C': 1e-07, 'kernel': 'poly', 'gamma': 1e-06, 'degree': 6}",0.12347753044939101,0.21707565848683028,0.14874594983799352,0.16309971292473827,401
124,"{'C': 1e-07, 'kernel': 'poly', 'gamma': 1e-06, 'degree': 7}",0.22085558288834223,0.19715605687886242,0.2048481939277571,0.20761994456498725,259
125,"{'C': 1e-07, 'kernel': 'poly', 'gamma': 1e-06, 'degree': 20}",0.20303593928121438,0.11789764204715905,0.21618864754590184,0.17904074295809178,349
126,"{'C': 1e-07, 'kernel': 'poly', 'gamma': 1e-05, 'degree': 2}",0.1640967180656387,0.21725565488690227,0.19470778831153246,0.19202005375469114,311
127,"{'C': 1e-07, 'kernel': 'poly', 'gamma': 1e-05, 'degree': 3}",0.20675586488270234,0.2132957340853183,0.2126485059402376,0.21090003496941942,248
128,"{'C': 1e-07, 'kernel': 'poly', 'gamma': 1e-05, 'degree': 4}",0.2266754664906702,0.2119757604847903,0.20388815552622105,0.21417979416722718,233
129,"{'C': 1e-07, 'kernel': 'poly', 'gamma': 1e-05, 'degree': 5}",0.19283614327713447,0.21851562968740626,0.17568702748109924,0.19567960014854666,301
130,"{'C': 1e-07, 'kernel': 'poly', 'gamma': 1e-05, 'degree': 6}",0.19607607847843042,0.18029639407211856,0.21432857314292572,0.19690034856449157,295
131,"{'C': 1e-07, 'kernel': 'poly', 'gamma': 1e-05, 'degree': 7}",0.21677566448671026,0.14183716325673487,0.18834753390135606,0.18232012054826707,341
132,"{'C': 1e-07, 'kernel': 'poly', 'gamma': 1e-05, 'degree': 20}",0.2240955180896382,0.250254994900102,0.1497659906396256,0.20803883454312191,256
133,"{'C': 1e-07, 'kernel': 'poly', 'gamma': 0.0001, 'degree': 2}",0.18221635567288655,0.2695746085078298,0.2127085083403336,0.22149982417368333,193
134,"{'C': 1e-07, 'kernel': 'poly', 'gamma': 0.0001, 'degree': 3}",0.250734985300294,0.22007559848803024,0.21774870994839793,0.22951976457890735,151
135,"{'C': 1e-07, 'kernel': 'poly', 'gamma': 0.0001, 'degree': 4}",0.2765944681106378,0.20999580008399832,0.24162966518660747,0.24273997779374787,99
136,"{'C': 1e-07, 'kernel': 'poly', 'gamma': 0.0001, 'degree': 5}",0.24809503809923802,0.1874362512749745,0.21948877955118204,0.21834002297513153,205
137,"{'C': 1e-07, 'kernel': 'poly', 'gamma': 0.0001, 'degree': 6}",0.23213535729285414,0.22199556008879823,0.1893075723028921,0.2144794965615148,229
138,"{'C': 1e-07, 'kernel': 'poly', 'gamma': 0.0001, 'degree': 7}",0.24497510049799004,0.24407511849763006,0.18990759630385215,0.22631927176649072,166
139,"{'C': 1e-07, 'kernel': 'poly', 'gamma': 0.0001, 'degree': 20}",0.23603527929441412,0.24317513649727004,0.2251890075603024,0.23479980778399553,137
140,"{'C': 1e-07, 'kernel': 'poly', 'gamma': 0.001, 'degree': 2}",0.25229495410091796,0.1876762464750705,0.23856954278171127,0.22618024778589993,167
141,"{'C': 1e-07, 'kernel': 'poly', 'gamma': 0.001, 'degree': 3}",0.20585588288234236,0.2386752264954701,0.23556942277691106,0.22670017738490786,162
142,"{'C': 1e-07, 'kernel': 'poly', 'gamma': 0.001, 'degree': 4}",0.19775604487910242,0.21809563808723825,0.25237009480379213,0.22274059259004428,189
143,"{'C': 1e-07, 'kernel': 'poly', 'gamma': 0.001, 'degree': 5}",0.2254754904901902,0.2261954760904782,0.17118684747389895,0.20761927135152244,260
144,"{'C': 1e-07, 'kernel': 'poly', 'gamma': 0.001, 'degree': 6}",0.21713565728685427,0.2120357592848143,0.19170766830673228,0.20695969495946695,263
145,"{'C': 1e-07, 'kernel': 'poly', 'gamma': 0.001, 'degree': 7}",0.20381592368152637,0.2381952360952781,0.2437297491899676,0.22858030298892404,156
146,"{'C': 1e-07, 'kernel': 'poly', 'gamma': 0.001, 'degree': 20}",0.23225535489290214,0.22859542809143818,0.23154926197047881,0.2308000149849397,147
147,"{'C': 1e-07, 'kernel': 'poly', 'gamma': 0.01, 'degree': 2}",0.2368152636947261,0.23915521689566208,0.234189367574703,0.23671994938836372,129
148,"{'C': 1e-07, 'kernel': 'poly', 'gamma': 0.01, 'degree': 3}",0.23363532729345413,0.23495530089398212,0.23094923796951877,0.23317995538565164,141
149,"{'C': 1e-07, 'kernel': 'poly', 'gamma': 0.01, 'degree': 4}",0.24527509449811002,0.25247495050099,0.23562942517700708,0.24445982339203573,90
150,"{'C': 1e-07, 'kernel': 'poly', 'gamma': 0.01, 'degree': 5}",0.24413511729765405,0.24629507409851803,0.24024960998439937,0.2435599337935238,94
151,"{'C': 1e-07, 'kernel': 'poly', 'gamma': 0.01, 'degree': 6}",0.2405951880962381,0.22889542209155816,0.2298091923676947,0.23309993418516364,142
152,"{'C': 1e-07, 'kernel': 'poly', 'gamma': 0.01, 'degree': 7}",0.23489530209395812,0.25589488210235795,0.2405496219848794,0.2437799353937318,93
153,"{'C': 1e-07, 'kernel': 'poly', 'gamma': 0.01, 'degree': 20}",0.24341513169736606,0.23549529009419812,0.21450858034321374,0.2311396673782593,146
154,"{'C': 1e-06, 'kernel': 'poly', 'gamma': 1e-08, 'degree': 2}",0.10097798044039119,0.18395632087358252,0.0984639385575423,0.12779941329050534,457
155,"{'C': 1e-06, 'kernel': 'poly', 'gamma': 1e-08, 'degree': 3}",0.10667786644267115,0.17147657046859063,0.1342253690147606,0.13745993530867415,440
156,"{'C': 1e-06, 'kernel': 'poly', 'gamma': 1e-08, 'degree': 4}",0.17153656926861463,0.125517489650207,0.14172566902676106,0.14625990931519425,432
157,"{'C': 1e-06, 'kernel': 'poly', 'gamma': 1e-08, 'degree': 5}",0.14429711405771883,0.10103797924041519,0.1235449417976719,0.12296001169860198,464
158,"{'C': 1e-06, 'kernel': 'poly', 'gamma': 1e-08, 'degree': 6}",0.17087658246835064,0.11225775484490311,0.1263050522020881,0.13647979650511396,443
159,"{'C': 1e-06, 'kernel': 'poly', 'gamma': 1e-08, 'degree': 7}",0.2140157196856063,0.15497690046199075,0.16440657626305052,0.17779973213688252,357
160,"{'C': 1e-06, 'kernel': 'poly', 'gamma': 1e-08, 'degree': 20}",0.125817483650327,0.10511789764204715,0.14106564262570503,0.1240003413060264,463
161,"{'C': 1e-06, 'kernel': 'poly', 'gamma': 1e-07, 'degree': 2}",0.19721605567888642,0.2273354532909342,0.24720988839553582,0.22392046578845215,181
162,"{'C': 1e-06, 'kernel': 'poly', 'gamma': 1e-07, 'degree': 3}",0.2121557568848623,0.18299634007319854,0.22134885395415815,0.20550031697073967,268
163,"{'C': 1e-06, 'kernel': 'poly', 'gamma': 1e-07, 'degree': 4}",0.20987580248395032,0.16559668806623867,0.16362654506180246,0.1796996785373305,347
164,"{'C': 1e-06, 'kernel': 'poly', 'gamma': 1e-07, 'degree': 5}",0.2599748005039899,0.1744765104697906,0.22614904596183846,0.22020011897853967,198
165,"{'C': 1e-06, 'kernel': 'poly', 'gamma': 1e-07, 'degree': 6}",0.16493670126597468,0.2008759824803504,0.18822752910116405,0.18468007094916306,330
166,"{'C': 1e-06, 'kernel': 'poly', 'gamma': 1e-07, 'degree': 7}",0.20963580728385434,0.22007559848803024,0.1906876275051002,0.20679967775899497,265
167,"{'C': 1e-06, 'kernel': 'poly', 'gamma': 1e-07, 'degree': 20}",0.17297654046919061,0.20657586848263035,0.18240729629185168,0.1873199017478909,323
168,"{'C': 1e-06, 'kernel': 'poly', 'gamma': 1e-06, 'degree': 2}",0.17027659446811064,0.18491630167396653,0.23982959318372735,0.19834082977526815,294
169,"{'C': 1e-06, 'kernel': 'poly', 'gamma': 1e-06, 'degree': 3}",0.15815683686326273,0.1883362332753345,0.203288131525261,0.18326040055461942,334
170,"{'C': 1e-06, 'kernel': 'poly', 'gamma': 1e-06, 'degree': 4}",0.23261534769304615,0.24815503689926202,0.23610944437777512,0.23895994299002776,121
171,"{'C': 1e-06, 'kernel': 'poly', 'gamma': 1e-06, 'degree': 5}",0.23591528169436612,0.17987640247195055,0.20742829713188526,0.20773999376606733,257
172,"{'C': 1e-06, 'kernel': 'poly', 'gamma': 1e-06, 'degree': 6}",0.19511609767804644,0.18113637727245455,0.14130565222608904,0.17251937572553,371
173,"{'C': 1e-06, 'kernel': 'poly', 'gamma': 1e-06, 'degree': 7}",0.14747705045899082,0.12101757964840704,0.21222848913956557,0.16024103974898782,408
174,"{'C': 1e-06, 'kernel': 'poly', 'gamma': 1e-06, 'degree': 20}",0.19787604247915042,0.1755564888702226,0.17454698187927517,0.18265983774288275,338
175,"{'C': 1e-06, 'kernel': 'poly', 'gamma': 1e-05, 'degree': 2}",0.23255534889302215,0.20381592368152637,0.18642745709828393,0.20759957655761083,261
176,"{'C': 1e-06, 'kernel': 'poly', 'gamma': 1e-05, 'degree': 3}",0.11381772364552709,0.11573768524629507,0.21492859714388576,0.14816133534523598,428
177,"{'C': 1e-06, 'kernel': 'poly', 'gamma': 1e-05, 'degree': 4}",0.21659566808663827,0.21593568128637428,0.19626785071402855,0.20959973336234702,255
178,"{'C': 1e-06, 'kernel': 'poly', 'gamma': 1e-05, 'degree': 5}",0.22055558888822224,0.24071518569628608,0.20262810512420495,0.2212996265695711,195
179,"{'C': 1e-06, 'kernel': 'poly', 'gamma': 1e-05, 'degree': 6}",0.18563628727425452,0.21827563448731024,0.19656786271450857,0.2001599281586911,288
180,"{'C': 1e-06, 'kernel': 'poly', 'gamma': 1e-05, 'degree': 7}",0.2011759764804704,0.23207535849283015,0.21678867154686188,0.21668000217338745,218
181,"{'C': 1e-06, 'kernel': 'poly', 'gamma': 1e-05, 'degree': 20}",0.25835483290334194,0.18239635207295854,0.25117004680187205,0.2306404105927242,148
182,"{'C': 1e-06, 'kernel': 'poly', 'gamma': 0.0001, 'degree': 2}",0.18239635207295854,0.20243595128097439,0.2672506900276011,0.21736099779384466,212
183,"{'C': 1e-06, 'kernel': 'poly', 'gamma': 0.0001, 'degree': 3}",0.2590748185036299,0.2652546949061019,0.22758910356414255,0.25063953899129143,74
184,"{'C': 1e-06, 'kernel': 'poly', 'gamma': 0.0001, 'degree': 4}",0.2773144537109258,0.2743145137097258,0.26131045241809675,0.2709798066129161,23
185,"{'C': 1e-06, 'kernel': 'poly', 'gamma': 0.0001, 'degree': 5}",0.24587508249835002,0.28115437691246176,0.28687147485899434,0.2713003114232687,20
186,"{'C': 1e-06, 'kernel': 'poly', 'gamma': 0.0001, 'degree': 6}",0.23519529609407813,0.250614987700246,0.2923916956678267,0.259400659820717,51
187,"{'C': 1e-06, 'kernel': 'poly', 'gamma': 0.0001, 'degree': 7}",0.2876942461150777,0.20603587928241435,0.15414616584663388,0.215958763748042,221
188,"{'C': 1e-06, 'kernel': 'poly', 'gamma': 0.0001, 'degree': 20}",0.26429471410571787,0.23021539569208616,0.24354974198967957,0.24601995059582785,86
189,"{'C': 1e-06, 'kernel': 'poly', 'gamma': 0.001, 'degree': 2}",0.18569628607427852,0.23915521689566208,0.2562102484099364,0.2270205837932923,160
190,"{'C': 1e-06, 'kernel': 'poly', 'gamma': 0.001, 'degree': 3}",0.2400551988960221,0.22133557328853423,0.2621504860194408,0.24118041940133236,111
191,"{'C': 1e-06, 'kernel': 'poly', 'gamma': 0.001, 'degree': 4}",0.2253554928901422,0.21875562488750225,0.203228129125165,0.21577974896760313,222
192,"{'C': 1e-06, 'kernel': 'poly', 'gamma': 0.001, 'degree': 5}",0.2005159896802064,0.21809563808723825,0.17868714748589942,0.1990995917511147,291
193,"{'C': 1e-06, 'kernel': 'poly', 'gamma': 0.001, 'degree': 6}",0.2255954880902382,0.20651586968260635,0.24024960998439937,0.224120322585748,178
194,"{'C': 1e-06, 'kernel': 'poly', 'gamma': 0.001, 'degree': 7}",0.2003959920801584,0.24305513889722205,0.2373694947797912,0.22694020858572386,161
195,"{'C': 1e-06, 'kernel': 'poly', 'gamma': 0.001, 'degree': 20}",0.23957520849583008,0.2131757364852703,0.24576983079323172,0.23284025859144405,144
196,"{'C': 1e-06, 'kernel': 'poly', 'gamma': 0.01, 'degree': 2}",0.25493490130197394,0.25919481610367795,0.24768990759630385,0.2539398750006519,57
197,"{'C': 1e-06, 'kernel': 'poly', 'gamma': 0.01, 'degree': 3}",0.250614987700246,0.2637547249055019,0.2470898835953438,0.2538198654003639,58
198,"{'C': 1e-06, 'kernel': 'poly', 'gamma': 0.01, 'degree': 4}",0.25535489290214197,0.25799484010319795,0.24414976599063962,0.25249983299865986,67
199,"{'C': 1e-06, 'kernel': 'poly', 'gamma': 0.01, 'degree': 5}",0.25649487010259797,0.25661486770264597,0.24792991719668786,0.2536798850006439,62
200,"{'C': 1e-06, 'kernel': 'poly', 'gamma': 0.01, 'degree': 6}",0.25589488210235795,0.25787484250314996,0.24906996279851193,0.25427989580134,55
201,"{'C': 1e-06, 'kernel': 'poly', 'gamma': 0.01, 'degree': 7}",0.247255054898902,0.25679486410271796,0.2485299411976479,0.250859953399756,73
202,"{'C': 1e-06, 'kernel': 'poly', 'gamma': 0.01, 'degree': 20}",0.2576348473030539,0.25577488450230995,0.24846993879755191,0.2539598902009719,56
203,"{'C': 1e-05, 'kernel': 'poly', 'gamma': 1e-08, 'degree': 2}",0.15845683086338272,0.10121797564048719,0.1077643105724229,0.12247970569209761,466
204,"{'C': 1e-05, 'kernel': 'poly', 'gamma': 1e-08, 'degree': 3}",0.1000179996400072,0.09851802963940721,0.12450498019920797,0.10768033649287412,479
205,"{'C': 1e-05, 'kernel': 'poly', 'gamma': 1e-08, 'degree': 4}",0.10271794564108717,0.09773804523909521,0.10224408976359055,0.10090002688125765,493
206,"{'C': 1e-05, 'kernel': 'poly', 'gamma': 1e-08, 'degree': 5}",0.1009179816403672,0.09773804523909521,0.10224408976359055,0.10030003888101764,497
207,"{'C': 1e-05, 'kernel': 'poly', 'gamma': 1e-08, 'degree': 6}",0.12035759284814304,0.10361792764144717,0.1528261130445218,0.12560054451137068,460
208,"{'C': 1e-05, 'kernel': 'poly', 'gamma': 1e-08, 'degree': 7}",0.1009179816403672,0.12839743205135898,0.0984639385575423,0.10925978408308949,478
209,"{'C': 1e-05, 'kernel': 'poly', 'gamma': 1e-08, 'degree': 20}",0.10217795644087119,0.10361792764144717,0.09822392895715829,0.10133993767982556,491
210,"{'C': 1e-05, 'kernel': 'poly', 'gamma': 1e-07, 'degree': 2}",0.15743685126297474,0.1864762704745905,0.20424816992679706,0.18272043055478746,336
211,"{'C': 1e-05, 'kernel': 'poly', 'gamma': 1e-07, 'degree': 3}",0.1889962200755985,0.1870162596748065,0.15264610584423377,0.17621952853154624,359
212,"{'C': 1e-05, 'kernel': 'poly', 'gamma': 1e-07, 'degree': 4}",0.1646367072658547,0.1342173156536869,0.13320532821312853,0.14401978371089005,435
213,"{'C': 1e-05, 'kernel': 'poly', 'gamma': 1e-07, 'degree': 5}",0.18995620087598247,0.15173696526069477,0.20682827313092525,0.18284047975586748,335
214,"{'C': 1e-05, 'kernel': 'poly', 'gamma': 1e-07, 'degree': 6}",0.2010559788804224,0.21461570768584629,0.1611664466578663,0.19227937774137835,310
215,"{'C': 1e-05, 'kernel': 'poly', 'gamma': 1e-07, 'degree': 7}",0.22025559488810223,0.15893682126357472,0.17586703468138726,0.18501981694435474,329
216,"{'C': 1e-05, 'kernel': 'poly', 'gamma': 1e-07, 'degree': 20}",0.2222955540889182,0.16079678406431872,0.16488659546381856,0.1826596445390185,339
217,"{'C': 1e-05, 'kernel': 'poly', 'gamma': 1e-06, 'degree': 2}",0.19571608567828644,0.2400551988960221,0.2001680067202688,0.21197976376485914,244
218,"{'C': 1e-05, 'kernel': 'poly', 'gamma': 1e-06, 'degree': 3}",0.21479570408591828,0.17069658606827864,0.18534741389655587,0.19027990135025094,315
219,"{'C': 1e-05, 'kernel': 'poly', 'gamma': 1e-06, 'degree': 4}",0.24311513769724605,0.15671686566268675,0.16986679467178686,0.18989959934390654,316
220,"{'C': 1e-05, 'kernel': 'poly', 'gamma': 1e-06, 'degree': 5}",0.2356752864942701,0.22751544969100618,0.23796951878075123,0.23372008498867583,139
221,"{'C': 1e-05, 'kernel': 'poly', 'gamma': 1e-06, 'degree': 6}",0.18479630407391853,0.20927581448371033,0.21810872434897396,0.2040602809688676,273
222,"{'C': 1e-05, 'kernel': 'poly', 'gamma': 1e-06, 'degree': 7}",0.248335033299334,0.2143757124857503,0.18696747869914795,0.21655940816141075,219
223,"{'C': 1e-05, 'kernel': 'poly', 'gamma': 1e-06, 'degree': 20}",0.22031559368812623,0.23141537169256615,0.20046801872074882,0.21739966136714706,211
224,"{'C': 1e-05, 'kernel': 'poly', 'gamma': 1e-05, 'degree': 2}",0.2246355072898542,0.2011159776804464,0.2511100444017761,0.22562050979069223,171
225,"{'C': 1e-05, 'kernel': 'poly', 'gamma': 1e-05, 'degree': 3}",0.18617627647447052,0.21005579888402232,0.21006840273610944,0.2021001593648674,281
226,"{'C': 1e-05, 'kernel': 'poly', 'gamma': 1e-05, 'degree': 4}",0.19163616727665447,0.18377632447351053,0.1375255010200408,0.17097933092340192,379
227,"{'C': 1e-05, 'kernel': 'poly', 'gamma': 1e-05, 'degree': 5}",0.2017159656806864,0.13289734205315892,0.23982959318372735,0.19148096697252423,312
228,"{'C': 1e-05, 'kernel': 'poly', 'gamma': 1e-05, 'degree': 6}",0.1907961840763185,0.1846163076738465,0.17574702988119525,0.18371984054378676,333
229,"{'C': 1e-05, 'kernel': 'poly', 'gamma': 1e-05, 'degree': 7}",0.12173756524869503,0.22625547489050218,0.20820832833313332,0.1854004561574435,328
230,"{'C': 1e-05, 'kernel': 'poly', 'gamma': 1e-05, 'degree': 20}",0.20831583368332635,0.1387172256554869,0.18540741629665186,0.177480158545155,358
231,"{'C': 1e-05, 'kernel': 'poly', 'gamma': 0.0001, 'degree': 2}",0.2251154976900462,0.250734985300294,0.26959078363134525,0.24848042220722846,82
232,"{'C': 1e-05, 'kernel': 'poly', 'gamma': 0.0001, 'degree': 3}",0.24311513769724605,0.21803563928721426,0.1893075723028921,0.2168194497624508,215
233,"{'C': 1e-05, 'kernel': 'poly', 'gamma': 0.0001, 'degree': 4}",0.21983560328793425,0.251694966100678,0.2328093123724949,0.23477996058703574,138
234,"{'C': 1e-05, 'kernel': 'poly', 'gamma': 0.0001, 'degree': 5}",0.2719145617087658,0.2587148257034859,0.25117004680187205,0.26059981140470795,49
235,"{'C': 1e-05, 'kernel': 'poly', 'gamma': 0.0001, 'degree': 6}",0.25457490850182996,0.2612347753044939,0.23016920676827074,0.2486596301915315,81
236,"{'C': 1e-05, 'kernel': 'poly', 'gamma': 0.0001, 'degree': 7}",0.23465530689386213,0.2661546769064619,0.23256930277211088,0.24445976219081164,91
237,"{'C': 1e-05, 'kernel': 'poly', 'gamma': 0.0001, 'degree': 20}",0.248935021299574,0.23663526729465412,0.2266290651626065,0.23739978458561153,127
238,"{'C': 1e-05, 'kernel': 'poly', 'gamma': 0.001, 'degree': 2}",0.26915461690766185,0.27149457010859784,0.2566902676107044,0.26577981820898805,42
239,"{'C': 1e-05, 'kernel': 'poly', 'gamma': 0.001, 'degree': 3}",0.24047519049619007,0.27179456410871783,0.22950918036721468,0.24725964499070752,84
240,"{'C': 1e-05, 'kernel': 'poly', 'gamma': 0.001, 'degree': 4}",0.24281514369712606,0.251934961300774,0.26341053642145684,0.2527202138064523,65
241,"{'C': 1e-05, 'kernel': 'poly', 'gamma': 0.001, 'degree': 5}",0.248455030899382,0.2708345833083338,0.27301092043681746,0.26410017821484444,44
242,"{'C': 1e-05, 'kernel': 'poly', 'gamma': 0.001, 'degree': 6}",0.24419511609767805,0.26651466970660587,0.28081123244929795,0.2638403394178606,46
243,"{'C': 1e-05, 'kernel': 'poly', 'gamma': 0.001, 'degree': 7}",0.26753464930701387,0.2350752984940301,0.21792871714868595,0.24017955498324328,117
244,"{'C': 1e-05, 'kernel': 'poly', 'gamma': 0.001, 'degree': 20}",0.252594948101038,0.2731745365092698,0.2436097443897756,0.2564597430000278,54
245,"{'C': 1e-05, 'kernel': 'poly', 'gamma': 0.01, 'degree': 2}",0.2747345053098938,0.27167456650866983,0.2624504980199208,0.26961985661282817,32
246,"{'C': 1e-05, 'kernel': 'poly', 'gamma': 0.01, 'degree': 3}",0.26645467090658187,0.2650146997060059,0.25975039001560063,0.26373992020939613,47
247,"{'C': 1e-05, 'kernel': 'poly', 'gamma': 0.01, 'degree': 4}",0.26951460970780583,0.2674146517069659,0.26341053642145684,0.26677993261207616,38
248,"{'C': 1e-05, 'kernel': 'poly', 'gamma': 0.01, 'degree': 5}",0.2757544849103018,0.2708345833083338,0.26125045001800073,0.2692798394122121,33
249,"{'C': 1e-05, 'kernel': 'poly', 'gamma': 0.01, 'degree': 6}",0.27281454370912583,0.26693466130677385,0.26125045001800073,0.2669998850113001,37
250,"{'C': 1e-05, 'kernel': 'poly', 'gamma': 0.01, 'degree': 7}",0.2721545569088618,0.26759464810703787,0.2584303372134885,0.26605984740979605,41
251,"{'C': 1e-05, 'kernel': 'poly', 'gamma': 0.01, 'degree': 20}",0.26933461330773384,0.26807463850722985,0.2581903276131045,0.26519985980935606,43
252,"{'C': 0.0001, 'kernel': 'poly', 'gamma': 1e-08, 'degree': 2}",0.10217795644087119,0.10679786404271914,0.13956558262330493,0.11618046770229841,470
253,"{'C': 0.0001, 'kernel': 'poly', 'gamma': 1e-08, 'degree': 3}",0.10271794564108717,0.10109797804043918,0.09816392655706228,0.10065995007952955,496
254,"{'C': 0.0001, 'kernel': 'poly', 'gamma': 1e-08, 'degree': 4}",0.1009179816403672,0.14735705285894282,0.10134405376215048,0.11653969608715349,469
255,"{'C': 0.0001, 'kernel': 'poly', 'gamma': 1e-08, 'degree': 5}",0.10997780044399112,0.10157796844063119,0.10224408976359055,0.10459995288273762,486
256,"{'C': 0.0001, 'kernel': 'poly', 'gamma': 1e-08, 'degree': 6}",0.1004979900401992,0.0998980020399592,0.10236409456378255,0.10092002888131364,492
257,"{'C': 0.0001, 'kernel': 'poly', 'gamma': 1e-08, 'degree': 7}",0.1007979840403192,0.10469790604187916,0.10224408976359055,0.10257999328192964,490
258,"{'C': 0.0001, 'kernel': 'poly', 'gamma': 1e-08, 'degree': 20}",0.10121797564048719,0.09767804643907121,0.11142445697827913,0.10344015968594585,488
259,"{'C': 0.0001, 'kernel': 'poly', 'gamma': 1e-07, 'degree': 2}",0.15827683446331073,0.17039659206815863,0.15372614904596185,0.16079985852581039,406
260,"{'C': 0.0001, 'kernel': 'poly', 'gamma': 1e-07, 'degree': 3}",0.13199736005279894,0.16955660886782264,0.17910716428657147,0.16022037773573103,409
261,"{'C': 0.0001, 'kernel': 'poly', 'gamma': 1e-07, 'degree': 4}",0.14123717525649487,0.15641687166256674,0.10140405616224649,0.13301936769376935,449
262,"{'C': 0.0001, 'kernel': 'poly', 'gamma': 1e-07, 'degree': 5}",0.17027659446811064,0.15617687646247075,0.2015480619224769,0.17600051095101943,361
263,"{'C': 0.0001, 'kernel': 'poly', 'gamma': 1e-07, 'degree': 6}",0.18569628607427852,0.15539689206215876,0.17388695547821914,0.17166004453821881,373
264,"{'C': 0.0001, 'kernel': 'poly', 'gamma': 1e-07, 'degree': 7}",0.1496970060598788,0.125817483650327,0.17592703708148327,0.150480508930563,423
265,"{'C': 0.0001, 'kernel': 'poly', 'gamma': 1e-07, 'degree': 20}",0.125817483650327,0.11879762404751905,0.18156726269050763,0.14206079012945125,438
266,"{'C': 0.0001, 'kernel': 'poly', 'gamma': 1e-06, 'degree': 2}",0.21407571848563028,0.2109557808843823,0.20568822752910115,0.21023990896637126,251
267,"{'C': 0.0001, 'kernel': 'poly', 'gamma': 1e-06, 'degree': 3}",0.2123957520849583,0.15683686326273474,0.18924756990279612,0.18616006175016306,326
268,"{'C': 0.0001, 'kernel': 'poly', 'gamma': 1e-06, 'degree': 4}",0.22877542449151017,0.18317633647327053,0.20424816992679706,0.20539997696385925,269
269,"{'C': 0.0001, 'kernel': 'poly', 'gamma': 1e-06, 'degree': 5}",0.20855582888342233,0.20135597288054238,0.18654746189847593,0.19881975455414688,292
270,"{'C': 0.0001, 'kernel': 'poly', 'gamma': 1e-06, 'degree': 6}",0.21599568008639827,0.20447591048179037,0.22218888755550223,0.21422015937456362,232
271,"{'C': 0.0001, 'kernel': 'poly', 'gamma': 1e-06, 'degree': 7}",0.15515689686206277,0.1875562488750225,0.20514820592823713,0.18262045055510745,340
272,"{'C': 0.0001, 'kernel': 'poly', 'gamma': 1e-06, 'degree': 20}",0.19091618167636648,0.1870762584748305,0.19446777871114845,0.19082007295411516,314
273,"{'C': 0.0001, 'kernel': 'poly', 'gamma': 1e-05, 'degree': 2}",0.2248755024899502,0.1755564888702226,0.2326293051722069,0.21102043217745992,247
274,"{'C': 0.0001, 'kernel': 'poly', 'gamma': 1e-05, 'degree': 3}",0.21107577848443032,0.21479570408591828,0.22902916116644667,0.21830021457893176,206
275,"{'C': 0.0001, 'kernel': 'poly', 'gamma': 1e-05, 'degree': 4}",0.25007499850003,0.22913541729165415,0.20688827553102124,0.22869956377423514,155
276,"{'C': 0.0001, 'kernel': 'poly', 'gamma': 1e-05, 'degree': 5}",0.23069538609227816,0.22313553728925423,0.20106804272170886,0.2182996553677471,207
277,"{'C': 0.0001, 'kernel': 'poly', 'gamma': 1e-05, 'degree': 6}",0.22319553608927822,0.24551508969820604,0.22098883955358214,0.22989982178035548,149
278,"{'C': 0.0001, 'kernel': 'poly', 'gamma': 1e-05, 'degree': 7}",0.20081598368032638,0.17063658726825465,0.21600864034561382,0.19582040376473162,300
279,"{'C': 0.0001, 'kernel': 'poly', 'gamma': 1e-05, 'degree': 20}",0.21671566568668627,0.21599568008639827,0.19032761310452417,0.2076796529592029,258
280,"{'C': 0.0001, 'kernel': 'poly', 'gamma': 0.0001, 'degree': 2}",0.2249955000899982,0.24347513049739006,0.22074882995319814,0.22973982018019545,150
281,"{'C': 0.0001, 'kernel': 'poly', 'gamma': 0.0001, 'degree': 3}",0.2126957460850783,0.2102957940841183,0.23466938677547103,0.21922030898155587,203
282,"{'C': 0.0001, 'kernel': 'poly', 'gamma': 0.0001, 'degree': 4}",0.19103617927641448,0.21809563808723825,0.22776911076443057,0.21230030937602776,243
283,"{'C': 0.0001, 'kernel': 'poly', 'gamma': 0.0001, 'degree': 5}",0.2357352852942941,0.20789584208315834,0.21996879875195008,0.22119997537646752,196
284,"{'C': 0.0001, 'kernel': 'poly', 'gamma': 0.0001, 'degree': 6}",0.255054898902022,0.23027539449211015,0.19944797791911675,0.22825942377108296,157
285,"{'C': 0.0001, 'kernel': 'poly', 'gamma': 0.0001, 'degree': 7}",0.21053578928421432,0.21005579888402232,0.21846873874954997,0.21302010897259552,239
286,"{'C': 0.0001, 'kernel': 'poly', 'gamma': 0.0001, 'degree': 20}",0.2370552588948221,0.24425511489770205,0.1984879395175807,0.22659943777003497,163
287,"{'C': 0.0001, 'kernel': 'poly', 'gamma': 0.001, 'degree': 2}",0.26903461930761385,0.2840343193136137,0.28153126125045,0.2782000666238925,7
288,"{'C': 0.0001, 'kernel': 'poly', 'gamma': 0.001, 'degree': 3}",0.2841543169136617,0.28145437091258174,0.28225129005160204,0.2826199926259485,5
289,"{'C': 0.0001, 'kernel': 'poly', 'gamma': 0.001, 'degree': 4}",0.2696946061078778,0.29387412251754963,0.26623064922596906,0.27659979261713213,10
290,"{'C': 0.0001, 'kernel': 'poly', 'gamma': 0.001, 'degree': 5}",0.27779444411111776,0.29369412611747764,0.28981159246369853,0.2871000542307647,1
291,"{'C': 0.0001, 'kernel': 'poly', 'gamma': 0.001, 'degree': 6}",0.29315413691726167,0.2817543649127017,0.2748109924396976,0.2832398314232203,4
292,"{'C': 0.0001, 'kernel': 'poly', 'gamma': 0.001, 'degree': 7}",0.26777464450710986,0.27887442251154976,0.281411256450258,0.27602010782297254,11
293,"{'C': 0.0001, 'kernel': 'poly', 'gamma': 0.001, 'degree': 20}",0.2875742485150297,0.2862542749145017,0.2863914556582263,0.2867399930292526,2
294,"{'C': 0.0001, 'kernel': 'poly', 'gamma': 0.01, 'degree': 2}",0.2731745365092698,0.27641447171056577,0.2665306612264491,0.2720398898154282,15
295,"{'C': 0.0001, 'kernel': 'poly', 'gamma': 0.01, 'degree': 3}",0.2711945761084778,0.2736545269094618,0.265450618024721,0.2700999070142202,28
296,"{'C': 0.0001, 'kernel': 'poly', 'gamma': 0.01, 'degree': 4}",0.27041459170816584,0.2745545089098218,0.2641305652226089,0.26969988861353217,31
297,"{'C': 0.0001, 'kernel': 'poly', 'gamma': 0.01, 'degree': 5}",0.2735345293094138,0.2736545269094618,0.266050642025681,0.2710798994148522,22
298,"{'C': 0.0001, 'kernel': 'poly', 'gamma': 0.01, 'degree': 6}",0.2696946061078778,0.2740745185096298,0.265330613224529,0.2696999126140122,30
299,"{'C': 0.0001, 'kernel': 'poly', 'gamma': 0.01, 'degree': 7}",0.27053458930821384,0.2734745305093898,0.26293051722068883,0.26897987901276416,35
300,"{'C': 0.0001, 'kernel': 'poly', 'gamma': 0.01, 'degree': 20}",0.2721545569088618,0.2748545029099418,0.264790591623665,0.2705998838141562,24
301,"{'C': 0.001, 'kernel': 'poly', 'gamma': 1e-08, 'degree': 2}",0.1492170156596868,0.1006179876402472,0.1611664466578663,0.13700048331926676,441
302,"{'C': 0.001, 'kernel': 'poly', 'gamma': 1e-08, 'degree': 3}",0.09473810523789525,0.10817783644327114,0.17424696987879515,0.12572097051998718,459
303,"{'C': 0.001, 'kernel': 'poly', 'gamma': 1e-08, 'degree': 4}",0.10247795044099119,0.12671746565068698,0.1016440657626305,0.11027982728476955,475
304,"{'C': 0.001, 'kernel': 'poly', 'gamma': 1e-08, 'degree': 5}",0.10271794564108717,0.1621167576648467,0.14100564022560902,0.1352801145105143,447
305,"{'C': 0.001, 'kernel': 'poly', 'gamma': 1e-08, 'degree': 6}",0.13259734805303894,0.19541609167816643,0.09930397215888635,0.14243913729669724,437
306,"{'C': 0.001, 'kernel': 'poly', 'gamma': 1e-08, 'degree': 7}",0.13097738045239096,0.1006179876402472,0.09816392655706228,0.10991976488323348,477
307,"{'C': 0.001, 'kernel': 'poly', 'gamma': 1e-08, 'degree': 20}",0.12683746325073497,0.1008579828403432,0.10230409216368655,0.10999984608492157,476
308,"{'C': 0.001, 'kernel': 'poly', 'gamma': 1e-07, 'degree': 2}",0.17591648167036658,0.18215635687286255,0.15366614664586584,0.17057966172969832,381
309,"{'C': 0.001, 'kernel': 'poly', 'gamma': 1e-07, 'degree': 3}",0.19787604247915042,0.10211795764084718,0.14580583223328933,0.1485999441177623,426
310,"{'C': 0.001, 'kernel': 'poly', 'gamma': 1e-07, 'degree': 4}",0.21563568728625426,0.10073798524029519,0.16044641785671426,0.15894003012775457,411
311,"{'C': 0.001, 'kernel': 'poly', 'gamma': 1e-07, 'degree': 5}",0.11591768164636708,0.2000359992800144,0.1767070682827313,0.16422024973637092,398
312,"{'C': 0.001, 'kernel': 'poly', 'gamma': 1e-07, 'degree': 6}",0.20555588888222234,0.15605687886242275,0.15516620664826594,0.17225965813097036,372
313,"{'C': 0.001, 'kernel': 'poly', 'gamma': 1e-07, 'degree': 7}",0.1866562668746625,0.1603767924641507,0.1969878795151806,0.18134031295133127,342
314,"{'C': 0.001, 'kernel': 'poly', 'gamma': 1e-07, 'degree': 20}",0.1135777284454311,0.2156956860862783,0.16374654986199447,0.16433998813123463,397
315,"{'C': 0.001, 'kernel': 'poly', 'gamma': 1e-06, 'degree': 2}",0.2022559548809024,0.23003539929201416,0.24354974198967957,0.22528036538753204,173
316,"{'C': 0.001, 'kernel': 'poly', 'gamma': 1e-06, 'degree': 3}",0.2368752624947501,0.23159536809263814,0.24138965558622344,0.23662009539120388,131
317,"{'C': 0.001, 'kernel': 'poly', 'gamma': 1e-06, 'degree': 4}",0.23537529249415012,0.2006359872802544,0.1670466818672747,0.2010193205472264,283
318,"{'C': 0.001, 'kernel': 'poly', 'gamma': 1e-06, 'degree': 5}",0.21491570168596627,0.24947501049979,0.23520940837633506,0.23320004018736376,140
319,"{'C': 0.001, 'kernel': 'poly', 'gamma': 1e-06, 'degree': 6}",0.24287514249715006,0.1759764804703906,0.2392295691827673,0.21936039738343596,202
320,"{'C': 0.001, 'kernel': 'poly', 'gamma': 1e-06, 'degree': 7}",0.2129957400851983,0.20603587928241435,0.1923676947077883,0.20379977135846702,274
321,"{'C': 0.001, 'kernel': 'poly', 'gamma': 1e-06, 'degree': 20}",0.20303593928121438,0.23201535969280615,0.234309372374895,0.22312022378297183,186
322,"{'C': 0.001, 'kernel': 'poly', 'gamma': 1e-05, 'degree': 2}",0.24125517489650208,0.22241555168896623,0.2422896915876635,0.23532013939104393,136
323,"{'C': 0.001, 'kernel': 'poly', 'gamma': 1e-05, 'degree': 3}",0.20273594528109437,0.2356152876942461,0.23472938917556702,0.22436020738363585,177
324,"{'C': 0.001, 'kernel': 'poly', 'gamma': 1e-05, 'degree': 4}",0.2400551988960221,0.24167516649667006,0.22842913716548663,0.2367198341860596,130
325,"{'C': 0.001, 'kernel': 'poly', 'gamma': 1e-05, 'degree': 5}",0.22019559608807823,0.251334973300534,0.20598823952958117,0.22583960297273112,168
326,"{'C': 0.001, 'kernel': 'poly', 'gamma': 1e-05, 'degree': 6}",0.24371512569748605,0.23183536329273416,0.23538941557662307,0.23697996818894776,128
327,"{'C': 0.001, 'kernel': 'poly', 'gamma': 1e-05, 'degree': 7}",0.24065518689626209,0.23987520249595007,0.2331093243729749,0.2378799045883957,126
328,"{'C': 0.001, 'kernel': 'poly', 'gamma': 1e-05, 'degree': 20}",0.24461510769784603,0.23897522049559008,0.2425297011880475,0.24204000979382786,106
329,"{'C': 0.001, 'kernel': 'poly', 'gamma': 0.0001, 'degree': 2}",0.23135537289254215,0.24425511489770205,0.25219008760350414,0.24260019179791611,100
330,"{'C': 0.001, 'kernel': 'poly', 'gamma': 0.0001, 'degree': 3}",0.2640547189056219,0.248935021299574,0.23610944437777512,0.2496997281943237,78
331,"{'C': 0.001, 'kernel': 'poly', 'gamma': 0.0001, 'degree': 4}",0.22823543529129417,0.25517489650207,0.24312972518900755,0.2421800189941239,102
332,"{'C': 0.001, 'kernel': 'poly', 'gamma': 0.0001, 'degree': 5}",0.252654946901062,0.24587508249835002,0.24450978039121565,0.2476799365968759,83
333,"{'C': 0.001, 'kernel': 'poly', 'gamma': 0.0001, 'degree': 6}",0.252714945701086,0.23591528169436612,0.24162966518660747,0.24341996419401987,95
334,"{'C': 0.001, 'kernel': 'poly', 'gamma': 0.0001, 'degree': 7}",0.25037499250015,0.24455510889782203,0.23520940837633506,0.2433798365914357,96
335,"{'C': 0.001, 'kernel': 'poly', 'gamma': 0.0001, 'degree': 20}",0.24761504769904602,0.23339533209335814,0.2517700708028321,0.24426015019841207,92
336,"{'C': 0.001, 'kernel': 'poly', 'gamma': 0.001, 'degree': 2}",0.26939461210775784,0.27917441651166974,0.2665306612264491,0.2716998966152922,19
337,"{'C': 0.001, 'kernel': 'poly', 'gamma': 0.001, 'degree': 3}",0.2732345353092938,0.2772544549109018,0.2665306612264491,0.27233988381554824,14
338,"{'C': 0.001, 'kernel': 'poly', 'gamma': 0.001, 'degree': 4}",0.27179456410871783,0.28139437211255774,0.2688707548301932,0.2740198970171563,13
339,"{'C': 0.001, 'kernel': 'poly', 'gamma': 0.001, 'degree': 5}",0.2708945821083578,0.27755444891102177,0.26737069482779313,0.2719399086157242,16
340,"{'C': 0.001, 'kernel': 'poly', 'gamma': 0.001, 'degree': 6}",0.26573468530629385,0.2769544609107818,0.26473058922356896,0.2691399118135482,34
341,"{'C': 0.001, 'kernel': 'poly', 'gamma': 0.001, 'degree': 7}",0.26993460130797386,0.2750944981100378,0.265030601224049,0.27001990021402017,29
342,"{'C': 0.001, 'kernel': 'poly', 'gamma': 0.001, 'degree': 20}",0.2696346073078538,0.2743145137097258,0.2717508700348014,0.2718999970174603,17
343,"{'C': 0.001, 'kernel': 'poly', 'gamma': 0.01, 'degree': 2}",0.23855522889542208,0.25097498050038997,0.24462978519140766,0.2447199981957399,89
344,"{'C': 0.001, 'kernel': 'poly', 'gamma': 0.01, 'degree': 3}",0.2377152456950861,0.24017519649607008,0.2484099363974559,0.24210012619620402,104
345,"{'C': 0.001, 'kernel': 'poly', 'gamma': 0.01, 'degree': 4}",0.2367552648947021,0.24299514009719805,0.24462978519140766,0.24146006339443593,109
346,"{'C': 0.001, 'kernel': 'poly', 'gamma': 0.01, 'degree': 5}",0.23663526729465412,0.24239515209695806,0.24924996999879995,0.24276012979680406,98
347,"{'C': 0.001, 'kernel': 'poly', 'gamma': 0.01, 'degree': 6}",0.2361552768944621,0.24053518929621406,0.24576983079323172,0.24082009899463597,114
348,"{'C': 0.001, 'kernel': 'poly', 'gamma': 0.01, 'degree': 7}",0.2368152636947261,0.24179516409671806,0.24432977319092763,0.24098006699412391,112
349,"{'C': 0.001, 'kernel': 'poly', 'gamma': 0.01, 'degree': 20}",0.2372952540949181,0.24137517249655008,0.2487699507980319,0.24248012579650002,101
350,"{'C': 0.01, 'kernel': 'poly', 'gamma': 1e-08, 'degree': 2}",0.13889722205555888,0.10127797444051119,0.1372854914196568,0.12582022930524228,458
351,"{'C': 0.01, 'kernel': 'poly', 'gamma': 1e-08, 'degree': 3}",0.10271794564108717,0.10121797564048719,0.0984639385575423,0.10079995327970555,494
352,"{'C': 0.01, 'kernel': 'poly', 'gamma': 1e-08, 'degree': 4}",0.10967780644387112,0.10361792764144717,0.10140405616224649,0.10489993008252159,484
353,"{'C': 0.01, 'kernel': 'poly', 'gamma': 1e-08, 'degree': 5}",0.10241795164096718,0.0998980020399592,0.09978399135965439,0.10069998168019358,495
354,"{'C': 0.01, 'kernel': 'poly', 'gamma': 1e-08, 'degree': 6}",0.11609767804643907,0.09821803563928722,0.10740429617184688,0.10724000328585771,481
355,"{'C': 0.01, 'kernel': 'poly', 'gamma': 1e-08, 'degree': 7}",0.10217795644087119,0.10409791804163916,0.10224408976359055,0.10283998808203364,489
356,"{'C': 0.01, 'kernel': 'poly', 'gamma': 1e-08, 'degree': 20}",0.12935741285174296,0.09767804643907121,0.1456258250330013,0.1242204281079385,462
357,"{'C': 0.01, 'kernel': 'poly', 'gamma': 1e-07, 'degree': 2}",0.2006359872802544,0.126357472850543,0.15744629785191408,0.16147991932757047,405
358,"{'C': 0.01, 'kernel': 'poly', 'gamma': 1e-07, 'degree': 3}",0.19169616607667847,0.1604967900641987,0.20124804992199688,0.18448033535429134,331
359,"{'C': 0.01, 'kernel': 'poly', 'gamma': 1e-07, 'degree': 4}",0.1751964960700786,0.22739545209095818,0.11064442577703108,0.1710787913126893,377
360,"{'C': 0.01, 'kernel': 'poly', 'gamma': 1e-07, 'degree': 5}",0.19661606767864642,0.20645587088258235,0.16512660506420257,0.18939951454181045,318
361,"{'C': 0.01, 'kernel': 'poly', 'gamma': 1e-07, 'degree': 6}",0.16511669766604667,0.20915581688366233,0.20424816992679706,0.19284022815883536,308
362,"{'C': 0.01, 'kernel': 'poly', 'gamma': 1e-07, 'degree': 7}",0.20927581448371033,0.1992560148797024,0.19902796111844473,0.20251993016061917,278
363,"{'C': 0.01, 'kernel': 'poly', 'gamma': 1e-07, 'degree': 20}",0.17213655726885463,0.20711585768284635,0.22416896675867035,0.20114046057012377,282
364,"{'C': 0.01, 'kernel': 'poly', 'gamma': 1e-06, 'degree': 2}",0.21635567288654228,0.24023519529609408,0.20358814352574103,0.22005967056945916,199
365,"{'C': 0.01, 'kernel': 'poly', 'gamma': 1e-06, 'degree': 3}",0.2128757424851503,0.2246955060898782,0.234609384375375,0.22406021098346784,180
366,"{'C': 0.01, 'kernel': 'poly', 'gamma': 1e-06, 'degree': 4}",0.20819583608327832,0.22985540289194217,0.20028801152046083,0.2127797501652271,240
367,"{'C': 0.01, 'kernel': 'poly', 'gamma': 1e-06, 'degree': 5}",0.23291534169316613,0.22313553728925423,0.23040921636865475,0.2288200317836917,154
368,"{'C': 0.01, 'kernel': 'poly', 'gamma': 1e-06, 'degree': 6}",0.21779564408711827,0.24227515449691006,0.21684867394695787,0.22563982417699538,170
369,"{'C': 0.01, 'kernel': 'poly', 'gamma': 1e-06, 'degree': 7}",0.2393952120957581,0.21803563928721426,0.2172086883475339,0.22487984657683543,175
370,"{'C': 0.01, 'kernel': 'poly', 'gamma': 1e-06, 'degree': 20}",0.21965560688786223,0.22073558528829423,0.23196927877115084,0.2241201569824358,179
371,"{'C': 0.01, 'kernel': 'poly', 'gamma': 1e-05, 'degree': 2}",0.21119577608447831,0.2109557808843823,0.2250090003600144,0.21572018577629168,223
372,"{'C': 0.01, 'kernel': 'poly', 'gamma': 1e-05, 'degree': 3}",0.2223555528889422,0.21881562368752625,0.23622944917796712,0.22580020858481187,169
373,"{'C': 0.01, 'kernel': 'poly', 'gamma': 1e-05, 'degree': 4}",0.21689566208675826,0.20663586728265435,0.2268690747629905,0.2168002013774677,216
374,"{'C': 0.01, 'kernel': 'poly', 'gamma': 1e-05, 'degree': 5}",0.22907541849163016,0.2228955420891582,0.21672866914676586,0.22289987657585142,187
375,"{'C': 0.01, 'kernel': 'poly', 'gamma': 1e-05, 'degree': 6}",0.21815563688726225,0.21041579168416633,0.21798871954878196,0.21552004937340352,224
376,"{'C': 0.01, 'kernel': 'poly', 'gamma': 1e-05, 'degree': 7}",0.2271554568908622,0.22037559248815022,0.21798871954878196,0.22183992297593147,191
377,"{'C': 0.01, 'kernel': 'poly', 'gamma': 1e-05, 'degree': 20}",0.1980560388792224,0.22073558528829423,0.22920916836673466,0.21600026417808374,220
378,"{'C': 0.01, 'kernel': 'poly', 'gamma': 0.0001, 'degree': 2}",0.22793544129117418,0.2399352012959741,0.2393495739829593,0.23574007219003587,135
379,"{'C': 0.01, 'kernel': 'poly', 'gamma': 0.0001, 'degree': 3}",0.24827503449931002,0.24161516769664607,0.23658946357854313,0.24215988859149973,103
380,"{'C': 0.01, 'kernel': 'poly', 'gamma': 0.0001, 'degree': 4}",0.249895002099958,0.23603527929441412,0.2294491779671187,0.2384598197871636,124
381,"{'C': 0.01, 'kernel': 'poly', 'gamma': 0.0001, 'degree': 5}",0.24305513889722205,0.24443511129777404,0.23850954038161526,0.24199993019220378,107
382,"{'C': 0.01, 'kernel': 'poly', 'gamma': 0.0001, 'degree': 6}",0.24599508009839804,0.24017519649607008,0.2517700708028321,0.24598011579910006,87
383,"{'C': 0.01, 'kernel': 'poly', 'gamma': 0.0001, 'degree': 7}",0.247195056098878,0.24521509569808603,0.23190927637105485,0.24143980938933962,110
384,"{'C': 0.01, 'kernel': 'poly', 'gamma': 0.0001, 'degree': 20}",0.251634967300654,0.23159536809263814,0.24288971558862354,0.2420400169939719,105
385,"{'C': 0.01, 'kernel': 'poly', 'gamma': 0.001, 'degree': 2}",0.251814963700726,0.24521509569808603,0.2547101884075363,0.2505800826021161,75
386,"{'C': 0.01, 'kernel': 'poly', 'gamma': 0.001, 'degree': 3}",0.252654946901062,0.249235015299694,0.2561502460098404,0.2526800694035321,66
387,"{'C': 0.01, 'kernel': 'poly', 'gamma': 0.001, 'degree': 4}",0.250434991300174,0.249115017699646,0.2544701788071523,0.2513400626023241,70
388,"{'C': 0.01, 'kernel': 'poly', 'gamma': 0.001, 'degree': 5}",0.24767504649907002,0.24737505249895003,0.25873034921396854,0.25126014940399616,71
389,"{'C': 0.01, 'kernel': 'poly', 'gamma': 0.001, 'degree': 6}",0.25343493130137396,0.251334973300534,0.25591023640945637,0.25356004700378815,64
390,"{'C': 0.01, 'kernel': 'poly', 'gamma': 0.001, 'degree': 7}",0.24635507289854203,0.24761504769904602,0.25567022680907237,0.24988011580222014,76
391,"{'C': 0.01, 'kernel': 'poly', 'gamma': 0.001, 'degree': 20}",0.25427491450170997,0.249055018899622,0.25807032281291253,0.25380008540474813,59
392,"{'C': 0.01, 'kernel': 'poly', 'gamma': 0.01, 'degree': 2}",0.1633167336653267,0.17711645767084658,0.18102724108964358,0.17382014414193894,368
393,"{'C': 0.01, 'kernel': 'poly', 'gamma': 0.01, 'degree': 3}",0.16685666286674267,0.17891642167156657,0.17796711868474738,0.17458006774101886,366
394,"{'C': 0.01, 'kernel': 'poly', 'gamma': 0.01, 'degree': 4}",0.17027659446811064,0.18119637607247854,0.17544701788071523,0.1756399961404348,363
395,"{'C': 0.01, 'kernel': 'poly', 'gamma': 0.01, 'degree': 5}",0.16835663286734265,0.17987640247195055,0.17700708028321133,0.17508003854083484,365
396,"{'C': 0.01, 'kernel': 'poly', 'gamma': 0.01, 'degree': 6}",0.1622367552648947,0.1888762224755505,0.171546861874475,0.17421994653830675,367
397,"{'C': 0.01, 'kernel': 'poly', 'gamma': 0.01, 'degree': 7}",0.16883662326753465,0.17891642167156657,0.17844713788551542,0.17540006094153884,364
398,"{'C': 0.01, 'kernel': 'poly', 'gamma': 0.01, 'degree': 20}",0.17171656566868662,0.18347633047339054,0.17928717148685946,0.17816002254297889,354
399,"{'C': 1e-08, 'kernel': 'sigmoid', 'gamma': 1e-08}",0.10121797564048719,0.13403731925361492,0.10068402736109444,0.11197977408506553,474
400,"{'C': 1e-08, 'kernel': 'sigmoid', 'gamma': 1e-07}",0.12887742245155098,0.12917741645167097,0.10338413536541462,0.12047965808954553,467
401,"{'C': 1e-08, 'kernel': 'sigmoid', 'gamma': 1e-06}",0.1864762704745905,0.19109617807643847,0.1704668186727469,0.18267975574125864,337
402,"{'C': 1e-08, 'kernel': 'sigmoid', 'gamma': 1e-05}",0.14117717645647088,0.23273534529309414,0.18342733709348374,0.1857799529476829,327
403,"{'C': 1e-08, 'kernel': 'sigmoid', 'gamma': 0.0001}",0.20795584088318234,0.2012359752804944,0.21114844593783752,0.20678008736717143,266
404,"{'C': 1e-08, 'kernel': 'sigmoid', 'gamma': 0.001}",0.20585588288234236,0.20807583848323033,0.23058922356894276,0.2148403149781718,226
405,"{'C': 1e-08, 'kernel': 'sigmoid', 'gamma': 0.01}",0.22631547369052618,0.21467570648587028,0.22554902196087845,0.22218006737909166,190
406,"{'C': 1e-07, 'kernel': 'sigmoid', 'gamma': 1e-08}",0.1745965080698386,0.19613607727845442,0.21762870514820593,0.19612043016549965,299
407,"{'C': 1e-07, 'kernel': 'sigmoid', 'gamma': 1e-07}",0.11195776084478311,0.19151616967660648,0.10386415456618264,0.13577936169585741,446
408,"{'C': 1e-07, 'kernel': 'sigmoid', 'gamma': 1e-06}",0.20477590448191035,0.20309593808123838,0.22134885395415815,0.20974023217243562,254
409,"{'C': 1e-07, 'kernel': 'sigmoid', 'gamma': 1e-05}",0.2614147717045659,0.21773564528709427,0.18954758190327614,0.22289933296497877,188
410,"{'C': 1e-07, 'kernel': 'sigmoid', 'gamma': 0.0001}",0.1883362332753345,0.24083518329633408,0.28015120604824195,0.23644087420663684,132
411,"{'C': 1e-07, 'kernel': 'sigmoid', 'gamma': 0.001}",0.1998560028799424,0.21755564888702225,0.22554902196087845,0.21432022457594768,231
412,"{'C': 1e-07, 'kernel': 'sigmoid', 'gamma': 0.01}",0.24521509569808603,0.24701505969880602,0.22860914436577462,0.24027976658755557,116
413,"{'C': 1e-06, 'kernel': 'sigmoid', 'gamma': 1e-08}",0.17903641927161457,0.1766964660706786,0.1544461778471139,0.17005968772980237,385
414,"{'C': 1e-06, 'kernel': 'sigmoid', 'gamma': 1e-07}",0.18551628967420652,0.22571548569028618,0.20220808832353293,0.2044799545626752,272
415,"{'C': 1e-06, 'kernel': 'sigmoid', 'gamma': 1e-06}",0.2101157976840463,0.20339593208135837,0.19458778351134046,0.20269983775891506,277
416,"{'C': 1e-06, 'kernel': 'sigmoid', 'gamma': 1e-05}",0.14621707565848682,0.0998380032399352,0.19758790351614064,0.14788099413818756,429
417,"{'C': 1e-06, 'kernel': 'sigmoid', 'gamma': 0.0001}",0.29207415851682966,0.27143457130857385,0.26839073562942517,0.2772998218182762,8
418,"{'C': 1e-06, 'kernel': 'sigmoid', 'gamma': 0.001}",0.2248155036899262,0.2350152996940061,0.22860914436577462,0.22947998258323565,152
419,"{'C': 1e-06, 'kernel': 'sigmoid', 'gamma': 0.01}",0.2635147297054059,0.26057478850422994,0.2515900636025441,0.25855986060406,52
420,"{'C': 1e-05, 'kernel': 'sigmoid', 'gamma': 1e-08}",0.1121377572448551,0.10361792764144717,0.09930397215888635,0.10501988568172954,482
421,"{'C': 1e-05, 'kernel': 'sigmoid', 'gamma': 1e-07}",0.1774764504709906,0.1997360052798944,0.18972758910356413,0.18898001495148306,321
422,"{'C': 1e-05, 'kernel': 'sigmoid', 'gamma': 1e-06}",0.15737685246295074,0.2000959980800384,0.20346813872554903,0.1869803297561794,324
423,"{'C': 1e-05, 'kernel': 'sigmoid', 'gamma': 1e-05}",0.20075598488030238,0.20639587208255836,0.20784831393255732,0.20500005696513934,270
424,"{'C': 1e-05, 'kernel': 'sigmoid', 'gamma': 0.0001}",0.2370552588948221,0.19067618647627047,0.2533901356054242,0.22704052699217225,159
425,"{'C': 1e-05, 'kernel': 'sigmoid', 'gamma': 0.001}",0.2600347993040139,0.23963520729585408,0.23016920676827074,0.24327973778937959,97
426,"{'C': 1e-05, 'kernel': 'sigmoid', 'gamma': 0.01}",0.26837463250734983,0.2710145797084058,0.2606504260170407,0.26667987941093213,39
427,"{'C': 0.0001, 'kernel': 'sigmoid', 'gamma': 1e-08}",0.09749805003899922,0.1397972040559189,0.10020400816032642,0.1124997540850815,473
428,"{'C': 0.0001, 'kernel': 'sigmoid', 'gamma': 1e-07}",0.1647567048659027,0.12179756404871903,0.11670466818672746,0.13441964570044973,448
429,"{'C': 0.0001, 'kernel': 'sigmoid', 'gamma': 1e-06}",0.21035579288414233,0.15443691126177475,0.21348853954158167,0.1927604145624996,309
430,"{'C': 0.0001, 'kernel': 'sigmoid', 'gamma': 1e-05}",0.19481610367792643,0.22805543889122218,0.2092883715348614,0.21071997136800333,249
431,"{'C': 0.0001, 'kernel': 'sigmoid', 'gamma': 0.0001}",0.23303533929321413,0.2245755084898302,0.20172806912276492,0.21977963896860309,201
432,"{'C': 0.0001, 'kernel': 'sigmoid', 'gamma': 0.001}",0.2882342353152937,0.2841543169136617,0.28453138125525024,0.28563997782806855,3
433,"{'C': 0.0001, 'kernel': 'sigmoid', 'gamma': 0.01}",0.2708945821083578,0.2761144777104458,0.2645505820232809,0.27051988061402815,25
434,"{'C': 0.001, 'kernel': 'sigmoid', 'gamma': 1e-08}",0.10361792764144717,0.1008579828403432,0.14226569062762512,0.11558053370313849,472
435,"{'C': 0.001, 'kernel': 'sigmoid', 'gamma': 1e-07}",0.19133617327653446,0.19625607487850244,0.11886475459018361,0.1688190009150735,387
436,"{'C': 0.001, 'kernel': 'sigmoid', 'gamma': 1e-06}",0.20525589488210236,0.22763544729105417,0.2265090603624145,0.21980013417852365,200
437,"{'C': 0.001, 'kernel': 'sigmoid', 'gamma': 1e-05}",0.24083518329633408,0.2102957940841183,0.26329053162126487,0.2381405030005724,125
438,"{'C': 0.001, 'kernel': 'sigmoid', 'gamma': 0.0001}",0.24611507769844604,0.24581508369832603,0.24942997719908797,0.24712004619862002,85
439,"{'C': 0.001, 'kernel': 'sigmoid', 'gamma': 0.001}",0.26987460250794987,0.27971440571188577,0.2640105604224169,0.27119985621408416,21
440,"{'C': 0.001, 'kernel': 'sigmoid', 'gamma': 0.01}",0.2362752744945101,0.24323513529729404,0.24300972038881555,0.2408400433935399,113
441,"{'C': 0.01, 'kernel': 'sigmoid', 'gamma': 1e-08}",0.15401691966160677,0.1125577488450231,0.1016440657626305,0.12273957808975346,465
442,"{'C': 0.01, 'kernel': 'sigmoid', 'gamma': 1e-07}",0.19457610847783044,0.15299694006119877,0.18828753150126004,0.17862019334676307,352
443,"{'C': 0.01, 'kernel': 'sigmoid', 'gamma': 1e-06}",0.22163556728865422,0.22139557208855823,0.2312492499699988,0.22476012978240376,176
444,"{'C': 0.01, 'kernel': 'sigmoid', 'gamma': 1e-05}",0.2255954880902382,0.22199556008879823,0.23214928597143886,0.22658011138349177,164
445,"{'C': 0.01, 'kernel': 'sigmoid', 'gamma': 0.0001}",0.24125517489650208,0.24701505969880602,0.24768990759630385,0.245320047397204,88
446,"{'C': 0.01, 'kernel': 'sigmoid', 'gamma': 0.001}",0.25007499850003,0.24455510889782203,0.2518900756030241,0.24884006100029207,80
447,"{'C': 0.01, 'kernel': 'sigmoid', 'gamma': 0.01}",0.1718965620687586,0.1763364732705346,0.18582743309732389,0.178020156145539,355
448,"{'C': 1e-08, 'kernel': 'laplacian', 'gamma': 1e-08}",0.16499670006599867,0.18059638807223855,0.11148445937837513,0.15235918250553745,422
449,"{'C': 1e-08, 'kernel': 'laplacian', 'gamma': 1e-07}",0.20483590328193435,0.17135657286854264,0.12276491059642386,0.16631912891563363,394
450,"{'C': 1e-08, 'kernel': 'laplacian', 'gamma': 1e-06}",0.14855702885942282,0.11513769724605508,0.19728789151566062,0.1536608725403795,421
451,"{'C': 1e-08, 'kernel': 'laplacian', 'gamma': 1e-05}",0.17171656566868662,0.15635687286254274,0.18216728669146767,0.170080241740899,384
452,"{'C': 1e-08, 'kernel': 'laplacian', 'gamma': 0.0001}",0.17099658006839863,0.24509509809803803,0.2449897995919837,0.22036049258614013,197
453,"{'C': 1e-08, 'kernel': 'laplacian', 'gamma': 0.001}",0.15545689086218276,0.20345593088138236,0.17772710908436337,0.17887997694264282,350
454,"{'C': 1e-08, 'kernel': 'laplacian', 'gamma': 0.01}",0.2122157556848863,0.2115557688846223,0.21114844593783752,0.2116399901691154,245
455,"{'C': 1e-07, 'kernel': 'laplacian', 'gamma': 1e-08}",0.1370372592548149,0.18419631607367853,0.2313692547701908,0.18420094336622808,332
456,"{'C': 1e-07, 'kernel': 'laplacian', 'gamma': 1e-07}",0.1987760244795104,0.1730965380692386,0.22962918516740669,0.20050058257205192,287
457,"{'C': 1e-07, 'kernel': 'laplacian', 'gamma': 1e-06}",0.13373732525349494,0.2006959860802784,0.17904716188647546,0.1711601577400829,376
458,"{'C': 1e-07, 'kernel': 'laplacian', 'gamma': 1e-05}",0.20321593568128637,0.15233695326093477,0.22974918996759872,0.19510069296993995,303
459,"{'C': 1e-07, 'kernel': 'laplacian', 'gamma': 0.0001}",0.2126357472850543,0.23963520729585408,0.24648985959438377,0.23292027139176405,143
460,"{'C': 1e-07, 'kernel': 'laplacian', 'gamma': 0.001}",0.22997540049199017,0.21791564168716626,0.18924756990279612,0.21237953736065085,241
461,"{'C': 1e-07, 'kernel': 'laplacian', 'gamma': 0.01}",0.2400551988960221,0.23207535849283015,0.23646945877835113,0.2362000053890678,133
462,"{'C': 1e-06, 'kernel': 'laplacian', 'gamma': 1e-08}",0.10481790364192717,0.15101697966040678,0.13710548421936877,0.13098012250723423,452
463,"{'C': 1e-06, 'kernel': 'laplacian', 'gamma': 1e-07}",0.22799544009119818,0.2393952120957581,0.1827073082923317,0.21669932015976268,217
464,"{'C': 1e-06, 'kernel': 'laplacian', 'gamma': 1e-06}",0.23327533449331014,0.18071638567228657,0.18786751470058802,0.20061974495539492,286
465,"{'C': 1e-06, 'kernel': 'laplacian', 'gamma': 1e-05}",0.15563688726225475,0.252534949301014,0.1281651266050642,0.17877898772277764,351
466,"{'C': 1e-06, 'kernel': 'laplacian', 'gamma': 0.0001}",0.23537529249415012,0.19403611927761444,0.2454698187927517,0.22496041018817206,174
467,"{'C': 1e-06, 'kernel': 'laplacian', 'gamma': 0.001}",0.26645467090658187,0.2644747105057899,0.2484099363974559,0.2597797726032759,50
468,"{'C': 1e-06, 'kernel': 'laplacian', 'gamma': 0.01}",0.25625487490250193,0.25355492890142195,0.24720988839553582,0.2523398973998199,68
469,"{'C': 1e-05, 'kernel': 'laplacian', 'gamma': 1e-08}",0.10271794564108717,0.1121377572448551,0.09924396975879035,0.10469989088157754,485
470,"{'C': 1e-05, 'kernel': 'laplacian', 'gamma': 1e-07}",0.16121677566448672,0.15221695566088678,0.1357254290171607,0.14971972011417808,425
471,"{'C': 1e-05, 'kernel': 'laplacian', 'gamma': 1e-06}",0.1724365512689746,0.2228355432891342,0.22734909396375855,0.2075403961739558,262
472,"{'C': 1e-05, 'kernel': 'laplacian', 'gamma': 1e-05}",0.23657526849463012,0.10679786404271914,0.16926677067082682,0.1708799677360587,380
473,"{'C': 1e-05, 'kernel': 'laplacian', 'gamma': 0.0001}",0.1531169376612468,0.22199556008879823,0.22740909636385456,0.20084053137129987,284
474,"{'C': 1e-05, 'kernel': 'laplacian', 'gamma': 0.001}",0.248515029699406,0.2601547969040619,0.2749309972398896,0.26120027461445255,48
475,"{'C': 1e-05, 'kernel': 'laplacian', 'gamma': 0.01}",0.2671746565068699,0.27035459290814184,0.26203048121924877,0.26651991021142013,40
476,"{'C': 0.0001, 'kernel': 'laplacian', 'gamma': 1e-08}",0.10271794564108717,0.15359692806143876,0.1795271810872435,0.14528068492992316,434
477,"{'C': 0.0001, 'kernel': 'laplacian', 'gamma': 1e-07}",0.14843703125937482,0.13571728565428692,0.18072722908916355,0.1549605153342751,419
478,"{'C': 0.0001, 'kernel': 'laplacian', 'gamma': 1e-06}",0.1730965380692386,0.19709605807883843,0.19014760590423618,0.18678006735077105,325
479,"{'C': 0.0001, 'kernel': 'laplacian', 'gamma': 1e-05}",0.17891642167156657,0.23909521809563808,0.22284891395655826,0.21362018457458765,237
480,"{'C': 0.0001, 'kernel': 'laplacian', 'gamma': 0.0001}",0.24743505129897403,0.1990760184796304,0.20712828513140524,0.21787978497000324,209
481,"{'C': 0.0001, 'kernel': 'laplacian', 'gamma': 0.001}",0.28157436851262974,0.28037439251214974,0.2688707548301932,0.2769398386183242,9
482,"{'C': 0.0001, 'kernel': 'laplacian', 'gamma': 0.01}",0.2731145377092458,0.2741345173096538,0.2638905556222249,0.2703798702137082,27
483,"{'C': 0.001, 'kernel': 'laplacian', 'gamma': 1e-08}",0.09473810523789525,0.1519169616607668,0.1016440657626305,0.11609971088709752,471
484,"{'C': 0.001, 'kernel': 'laplacian', 'gamma': 1e-07}",0.1747165056698866,0.11723765524689506,0.13614544581783272,0.14269986891153813,436
485,"{'C': 0.001, 'kernel': 'laplacian', 'gamma': 1e-06}",0.21629567408651826,0.1991360172796544,0.19104764190567622,0.20215977775728297,280
486,"{'C': 0.001, 'kernel': 'laplacian', 'gamma': 1e-05}",0.23483530329393412,0.2379552408951821,0.2434897395895836,0.23876009459289996,122
487,"{'C': 0.001, 'kernel': 'laplacian', 'gamma': 0.0001}",0.25493490130197394,0.26837463250734983,0.23016920676827074,0.2511595801925315,72
488,"{'C': 0.001, 'kernel': 'laplacian', 'gamma': 0.001}",0.26693466130677385,0.28127437451250975,0.26713068522740907,0.2717799070155642,18
489,"{'C': 0.001, 'kernel': 'laplacian', 'gamma': 0.01}",0.23657526849463012,0.24077518449631008,0.24438977559102365,0.24058007619398794,115
490,"{'C': 0.01, 'kernel': 'laplacian', 'gamma': 1e-08}",0.10217795644087119,0.12143757124857503,0.0984639385575423,0.10735982208232951,480
491,"{'C': 0.01, 'kernel': 'laplacian', 'gamma': 1e-07}",0.1999760004799904,0.19061618767624647,0.15240609624384976,0.18099942813336223,343
492,"{'C': 0.01, 'kernel': 'laplacian', 'gamma': 1e-06}",0.20507589848203037,0.20909581808363834,0.22914916596663867,0.2144402941774358,230
493,"{'C': 0.01, 'kernel': 'laplacian', 'gamma': 1e-05}",0.20255594888102238,0.21365572688546228,0.23496939877595105,0.2170603581808119,213
494,"{'C': 0.01, 'kernel': 'laplacian', 'gamma': 0.0001}",0.2362752744945101,0.24215515689686207,0.24636985479419177,0.241600095395188,108
495,"{'C': 0.01, 'kernel': 'laplacian', 'gamma': 0.001}",0.248335033299334,0.24635507289854203,0.2547101884075363,0.24980009820180413,77
496,"{'C': 0.01, 'kernel': 'laplacian', 'gamma': 0.01}",0.16577668446631066,0.1762164756704866,0.1688467538701548,0.17027997133565068,383
